{
  "run_type": "decision_layer",
  "run_date": "2026-07-20",
  "git_commit": "422d167",
  "notes": "compounded/Calmar chained sequentially across all 5 folds, optimistic costs, N=20",
  "horizons": {
    "14d": {
      "variants": {
        "baseline_equal_full": {
          "compounded_return": 0.5784275178913361,
          "max_drawdown": -0.14645912344220674,
          "calmar": 3.949412670898481
        },
        "prob_weighted_full": {
          "compounded_return": 0.6964747369256326,
          "max_drawdown": -0.1488036320785414,
          "calmar": 4.680495544342762
        },
        "min_prob_threshold": {
          "compounded_return": 0.5746924447601514,
          "max_drawdown": -0.14645912344220674,
          "calmar": 3.9239101754349015
        },
        "regime_half_exposure": {
          "compounded_return": 0.46915936422400284,
          "max_drawdown": -0.09051542068231777,
          "calmar": 5.183198185319304
        },
        "regime_zero_exposure": {
          "compounded_return": 0.35627906890497507,
          "max_drawdown": -0.07542431028479955,
          "calmar": 4.723663598111508
        }
      }
    },
    "30d": {
      "variants": {
        "baseline_equal_full": {
          "compounded_return": 0.5030867754718544,
          "max_drawdown": -0.2150510430023356,
          "calmar": 2.3393830992318905
        },
        "prob_weighted_full": {
          "compounded_return": 0.4938101107220372,
          "max_drawdown": -0.22841997105183717,
          "calmar": 2.161851734977993
        },
        "min_prob_threshold": {
          "compounded_return": 0.5030867754718544,
          "max_drawdown": -0.2150510430023356,
          "calmar": 2.3393830992318905
        },
        "regime_half_exposure": {
          "compounded_return": 0.43872028991329715,
          "max_drawdown": -0.11158649723692389,
          "calmar": 3.9316610949960435
        },
        "regime_zero_exposure": {
          "compounded_return": 0.35170572367596087,
          "max_drawdown": -0.05930645047309227,
          "calmar": 5.930311473210357
        }
      }
    }
  }
}